tag_id,tag_name,tag_category
1,monoterpenoid,
2,C10 alcohol,
3,perfume,
4,repellent,
5,anticonvulsant,
6,copolymer monomer,
7,sesterterpenoid,
8,precursor,
9,5-8-5 tricyclic skeleton,
10,cytotoxic,
11,novel structure,
12,oxidized ophiobolin,
13,anti-tumor,
14,bioactive,
17,medicinal value,
18,prebiotic,
19,health-benefiting,
20,dietary fiber,
21,anti-obesity,
22,anti-diabetic,
23,anti-inflammatory,
24,anti-viral,
28,anti-oxidative,
30,gut microbiota modulation,
32,C5H8,
33,hemiterpenoid,
34,C10H16,
38,C10H18O,
42,C15H24,
43,sesquiterpenoid,
56,C15H26O,
58,C15H22O,
62,C15H24O4,
64,C20H30O,
65,diterpenoid,
66,vitamin,
67,C30H50,
68,triterpenoid,
69,C30H48O3,
73,C30H52O3,
75,C30H50O,
77,C30H48O5,
79,C40H56,
80,tetraterpenoid,
81,carotenoid,
85,provitamin A,
86,C40H52O2,
89,C40H56O2,
92,C40H52O4,
95,antioxidant,
96,C13H20O,
97,terpenoid derivative,
98,aroma compound,
99,C19H22O6,
101,gibberellin,
102,C19H24O5,
105,C19H24O4,
108,C36H62O8,
110,ginsenoside,
112,central metabolite,
113,fatty acid synthesis,
114,polyketide synthesis,
115,pigment,
116,reporter,
117,polyketide,
118,colorimetric screening,
121,vitamin A precursor,
122,isoprenoid,
124,fluorescent,
125,betalain,
126,tyrosine-derived,
130,industrial pigment,
131,natural products,
132,biosynthesis,
133,microbial production,
134,alkyne,
137,flavonoid,
138,coculture,
139,microbial synthesis,
140,biopolymer,
141,metabolic engineering,
142,synthetic biology,
143,biomolecules,
144,screening,
145,microdroplet,
147,recombineering,
148,biosynthetic pathways,
150,protein engineering,
153,E. coli,
155,commodity chemicals,
156,cell-free,
157,synthetic biochemistry,
159,microbial chassis,
162,biosensors,
163,microorganisms,
165,industrial engineering,
166,platforms,
167,organic acid,
168,industrial chemical,
169,lipid,
170,biofuel precursor,
171,alcohol,
172,surfactant,
174,platform chemical,
175,phenylpropanoid,
176,flavor compound,
179,dicarboxylic acid,
180,polymer precursor,
181,amino acid,
182,feed additive,
184,nylon precursor,
186,metabolic intermediate,
187,compatible solute,
188,osmoprotectant,
191,rare sugar,
192,low-calorie sweetener,
193,aromatic acid,
194,preservative,
198,pharmaceutical precursor,
201,lactam,
203,xanthine,
204,pharmaceutical,
205,aminoglycoside,
206,antibiotic,
207,vitamin B12,
208,cofactor,
209,biogenic amine,
210,signaling molecule,
211,stilbenoid,
213,neurotransmitter,
214,hormone,
216,biofuel,
217,polyamine,
222,bioactive compound,
230,commodity chemical,
231,high yield,
233,building block chemical,
237,high productivity,
240,renewable,
242,simplified pathway,
244,toxic,
245,high titer,
246,terpene,
249,high-value,
250,sugar alcohol,
251,large scale,
253,industrial,
255,metabolite,
264,high-yield,
266,building block,
267,engineered E. coli,
281,terpenes,
284,toxic compound tolerance,
285,monoterpene,
286,cofactor-dependent,
288,natural product,
291,chemical,
293,large-scale,
296,biochemical,
299,multi-enzyme,
302,enzymatic catalysis,
305,thermostable enzymes,
308,pathway engineering,
318,clean energy,
320,next-generation biofuel,
321,terpenoid,
322,flavor and fragrance,
330,bioplastic,
332,nutraceutical,
334,chemical intermediate,
339,solvent,
340,sweetener,
343,natural colorant,
345,water-soluble,
346,betacyanin,
347,food colorant,
349,glycoside,
350,betaxanthin,
353,proline conjugate,
356,glutamine conjugate,
359,diglucoside,
362,structural isomer,
365,carboxylated derivative,
368,DOPA conjugate,
370,fungal pigment,
374,tyrosine conjugate,
380,amino acid conjugate,
382,bisindole,
385,antimicrobial,
386,antiparasitic,
387,UV-resistant,
391,functional fabric,
393,nanoparticle composite,
397,biodegradable polymer,
398,bone tissue engineering,
399,biocompatible,
400,sunscreen,
401,UV-absorbing,
402,cosmetic ingredient,
403,drug delivery,
404,nanoparticle,
406,controlled release,
414,biopolymer composite,
416,synergistic,
421,solubility enhancement,
423,flavin,
424,anti-bacterial,
425,Gram-positive,
429,anti-parasitic,
430,anti-cancer,
432,coenzyme,
439,enzyme cofactor,
440,redox-active,
445,antimetabolite,
446,flavin analogue,
447,toxic cofactor,
448,antiplasmodial,
457,neuroprotective,
458,cardioprotective,
463,anti-hyperglycemic,
464,hypolipidemic,
465,pharmacological,
467,pentacyclic,
473,hepatoprotective,
478,ursane-type,
479,pharmaceutical intermediate,
482,oleanane-type,
484,triterpene precursor,
487,triterpene,
488,antineoplastic,
489,antidepressant,
494,stereoselective,
496,fragrance,
497,bicyclic,
500,semisynthesis precursor,
501,clerodane,
503,pharmaceutical scaffold,
510,synthetic substitute,
511,fatty acid,
512,conjugated linoleic acid,
513,health-promoting,
515,lipid metabolism,
516,single isomer,
518,fatty acid ester,
519,biodiesel,
522,sesquiterpene,
525,short-chain,
528,long-chain,
530,alkane,
531,alkene,
532,hydrocarbon,
538,aviation fuel,
546,renewable energy,
547,fermentation product,
549,non-proteinogenic amino acid,
550,food supplement,
552,antihypertensive,
553,antiepileptic,
554,anti-anxiety,
558,tripeptide,
560,redox buffer,
561,detoxifier,
563,food additive,
564,cosmetic,
567,low-calorie,
568,dental health,
570,biomass-derived,
572,sleep-aid,
573,anti-oxidant,
574,dietary supplement,
578,intermediate,
580,sugar acid,
581,biodegradable detergent builder,
583,therapeutic,
584,cholesterol reduction,
589,renewable chemical,
592,synthetic rubber,
594,fuel additive,
595,polymer,
596,drugs,
597,cosmetic products,
598,byproduct,
599,redox balance,
601,fermentation,
604,unsaturated dicarboxylic acid,
605,bio-based chemical,
607,monomer,
608,polymer intermediate,
609,PET precursor,
612,shikimate derivative,
613,aromatic compound,
619,feedstock chemical,
620,bio-based product,
621,amino sugar,
623,first production in yeast,
624,aromatic amino acid,
631,bioplastic precursor,
633,chiral compound,
638,polyphenolic,
639,anticarcinogenic,
641,heterologous production,
643,flavor,
649,biomass,
650,microbial growth,
652,respiration product,
656,fermentation intermediate,
660,glycolysis intermediate,
661,pharmaceutical protein,
662,therapeutic protein,
663,recombinant protein,
667,bioconversion,
668,inhibitory product,
677,fermentation byproduct,
682,furan derivative,
683,inhibitor conversion product,
687,condensation product,
690,liquid biofuel,
694,aroma,
705,flavor ester,
706,fruity aroma,
712,natural aroma,
713,emollient,
715,long-chain ester,
721,short-chain ester,
727,medium-chain ester,
735,ethanol,
737,lignocellulosic,
738,chiral alcohol,
741,PLK1 inhibitor synthesis,
744,industrial fermentation,
748,renewable fuel,
749,microdiesel,
757,high-value compound,
762,antimalarial,
764,steroid,
766,non-ribosomal peptide,
767,antibiotic precursor,
769,energy,
772,alkaloid,
775,microbial oil,
778,storage lipid,
780,biodegradable,
781,fatty acid methyl esters,
782,alternative energy,
788,cosmetics,
790,aromatic alcohol,
800,fatty acid ethyl esters,
803,oleochemical,
814,ketone,
815,polyester,
818,fatty alcohol,
822,fatty acid ethyl ester,
824,fatty acid derivatives,
826,long-chain alcohols,
827,surfactant precursor,
828,biodegradable polymer precursor,
831,polylactic acid monomer,
840,fatty aldehydes,
842,specialty chemicals,
843,fatty alcohols,
846,detergents,
847,surfactants,
848,solvents,
849,lubricants,
851,ginsenoside precursor,
853,anti-carcinogenic,
854,immunomodulatory,
856,triterpenoid saponins,
859,anti-fatigue,
863,gasohol,
868,chemical feedstock,
869,liquid fuel,
885,ephedrine synthesis,
886,chiral intermediate,
888,biotransformation product,
890,antiviral precursor,
898,plant secondary metabolite,
902,opioid,
908,homolactic fermentation,
910,very long-chain,
911,neutral lipids,
912,bio-based chemicals,
913,wax esters,
915,jojoba-like,
916,personal care,
918,coatings,
920,biopolymer precursor,
921,enantiomerically pure,
934,artemisinin precursor,
936,pentacyclic triterpenoid,
941,lupane-type,
950,biosynthetic intermediate,
958,prenyl alcohol,
960,biorenewable chemical precursor,
962,lactone,
964,ganoderic acid,
965,antitumor,
966,medicinal compound,
971,clinical,
972,methyl donor,
973,S-adenosylmethionine,
975,branched-chain alcohol,
976,advanced biofuel,
984,drug precursor,
988,anti-HIV,
990,antidiabetic,
991,cytotoxicity,
992,phenethyl alcohol derivative,
995,aromatic chemical,
996,cardiovascular drug,
1001,pro-vitamin A,
1004,natural pigment,
1005,polyol,
1007,energetic material precursor,
1009,explosive,
1010,energetic material,
1011,propellant,
1012,nitrate ester,
1015,pathway intermediate,
1020,paclitaxel precursor,
1022,oxygenated taxane,
1025,acetylated taxane,
1029,by-product,
1035,endogenous product,
1036,side-product,
1037,acetylated diterpenoid,
1039,TAT activity indicator,
1040,dioxygenated taxane,
1043,chemotherapeutic,
1049,dispersant,
1050,lignin-derived,
1051,coproduct,
1053,stilbene,
1059,anti-aging,
1060,sterol,
1061,provitamin D2,
1064,membrane component,
1068,nanomaterial,
1069,reinforcement,
1070,biobased,
1074,biomedical,
1075,packaging,
1083,low toxicity,
1084,fermentation by-product,
1086,humectant,
1087,ester,
1088,volatile compound,
1089,wine aroma,
1094,acetate,
1103,fusel alcohol,
1104,higher alcohol,
1114,sulfur compound,
1117,volatile acid,
1119,negative aroma,
1138,motor fuel,
1143,osmoregulator,
1151,fine chemical,
1155,hydrogenation product,
1156,furan resin precursor,
1157,corrosion-resistant,
1158,industrial solvent,
1159,lactic acid,
1161,poly(lactic acid),
1162,food preservation,
1174,textile,
1180,aquatic biomass,
1181,algae-based,
1187,lignocellulosic biomass,
1189,industrial alcohol,
1194,animal feed,
1196,high protein,
1197,high fiber,
1199,thiol compound,
1200,bioreduction,
1202,detoxification,
1203,biochemical drug,
1216,nutritional supplement,
1218,carboxylic acid,
1219,metabolic precursor,
1222,olefin,
1223,flavoring,
1231,enantiomer,
1239,vaccine,
1241,Lyme disease,
1242,immunogenic,
1246,alternative fuel,
1261,medical,
1262,hypertension,
1263,liver diseases,
1264,skin diseases,
1265,aldehyde,
1267,wine flavor,
1282,wine component,
1284,wine body,
1285,sweetness,
1287,wine acidity,
1294,tartness,
1308,potable alcohol,
1318,second-generation ethanol,
1327,antifreezing agent,
1328,enzyme stabilizer,
1329,amphipathic alcohol,
1342,transport fuel,
1358,vitamin D2 precursor,
1361,fungal metabolite,
1362,osmolyte,
1368,primary product,
1370,redox metabolism,
1378,transportation fuel,
1387,functional food,
1393,low glycemic,
1394,high solubility,
1395,food ingredient,
1402,medicine,
1407,sugar nucleotide,
1408,N-acetylglucosamine donor,
1410,functional material,
1411,pentose sugar,
1413,PPP intermediate,
1415,pentitol,
1420,diterpene alcohol,
1422,pharmacological agent,
1423,vitamin precursor,
1425,sesquiterpene alcohol,
1428,sterol intermediate,
1439,diol,
1440,polyester precursor,
1442,renewable feedstock,
1444,biofuel byproduct,
1460,NAD+ regeneration,
1464,detoxification product,
1475,chemical building block,
1486,sugar polymer,
1488,biomass-derived chemical,
1489,copolymer,
1490,petrochemical replacement,
1491,polyitaconic acid precursor,
1494,chelator,
1502,propellant precursor,
1508,oleochemicals,
1509,biofuels precursor,
1510,microbial biomass,
1511,cell mass,
1519,fructooligosaccharide,
1520,trisaccharide,
1523,oligosaccharide,
1526,vitamin-like,
1527,GRAS,
1530,energy metabolism,
1532,biodegradable plastic precursor,
1533,polylactide,
1541,aquaculture feed,
1545,ketocarotenoid,
1551,hydrogel modifier,
1554,anti-caries,
1556,oxidation product,
1558,reduction product,
1565,PLA precursor,
1566,stereocomplex PLA,
1568,sugar substitute,
1569,non-cariogenic,
1572,biorenewable,
1579,biopesticide,
1585,beverage,
1586,antiseptic,
1588,second-generation biofuel,
1589,alcoholic beverage,
1590,fermented food,
1591,aroma compounds,
1603,floral aroma,
1610,ethyl ester,
1617,TCA cycle intermediate,
1618,flavor precursor,
1626,ethanol fermentation,
1627,disaccharide,
1629,sugar refining,
1631,anti-freezing agent,
1632,coolant,
1633,PET plastics component,
1636,water treatment,
1637,cleaning applications,
1640,chemical precursor,
1649,medical applications,
1659,odd-chain,
1662,polyunsaturated fatty acid,
1681,anti-malarial,
1688,oxidized,
1692,less hygroscopic,
1693,higher energy content,
1694,prebiotic sugar,
1697,6F-FOS series,
1700,1F-FOS series,
1701,neofructooligosaccharide,
1704,6G-FOS series,
1705,sucrose isomer,
1720,packaging material,
1721,medical material,
1722,phenolic acid,
1734,high-fructose syrup,
1737,functional food ingredient,
1742,biodegradable plastic,
1744,polyester monomer,
1745,bulk chemical,
1754,stress response,
1759,cytotoxic agent,
1764,food coloring agent,
1770,food coloring,
1778,fragrance compound,
1781,natural flavor,
1785,semi-synthetic,
1794,thermal protection,
1804,weak acid,
1809,chiral resolving agent,
1810,alpha-hydroxy ester,
1811,optically active,
1812,flavonoid glycoside,
1813,therapeutic agent,
1814,natural sweetener,
1815,cardiomyopathy treatment,
1817,biocatalyst product,
1832,gasoline oxygenator,
1833,combustion enhancer,
1834,reduced emissions,
1835,nucleotide,
1838,membrane phosphatide precursor,
1839,cardioprotection,
1840,glucoside,
1842,anticovulsive,
1843,phenolic compound,
1854,clean combustion,
1855,high octane number,
1860,detoxication agent,
1867,transesterification,
1873,asymmetric synthesis,
1874,duloxetine intermediate,
1877,functional sweetener,
1878,non-digestible carbohydrate,
1881,fructo-oligosaccharide,
1883,tetrasaccharide,
1898,thermoplastic precursor,
1899,space technology,
1900,thermoplastic,
1901,aromatic polyester,
1902,high-strength fiber,
1903,space application,
1932,starter culture,
1933,wine fermentation,
1934,biomass production,
1952,carbon dioxide neutral,
1955,pentose-derived,
1956,value-added chemical,
1959,hexose-derived,
1963,renewable raw material,
1967,renewable material,
1969,environmentally safe,
1985,disinfectant,
1989,enzyme,
1990,starch hydrolysis,
1991,industrial processing,
1994,second-generation,
1999,polysaccharide,
2002,sugar,
2006,primary metabolite,
2012,sustainable,
2013,C4 acid,
2024,gasoline additive,
2026,biobutanol,
2042,biomass conversion,
2049,traditional fermentation,
2065,primary alcohol,
2067,beverage component,
2076,renewable polymer,
2083,nerve calming agent,
2088,biomedical applications,
2089,biorefinery feedstock,
2092,protective metabolite,
2098,xylose fermentation,
2101,xylose metabolism,
2104,dental care,
2117,vaccine adjuvant,
2119,fuel,
2120,resin,
2124,drug,
2125,fumigant,
2128,lubricant,
2129,energy storage,
2140,plastic alternative,
2153,inhibitor,
2162,antiviral,
2163,anticancer,
2165,zero-calorie,
2166,triterpenoid glycoside,
2171,triterpenoid biosynthesis,
2173,ergosterol pathway,
2174,fructose polymer,
2175,food-grade,
2178,wound-healing,
2182,anti-AIDS,
2188,anti-microbial,
2216,starch liquefaction,
2218,starch debranching,
2229,stress protectant,
2230,fermentation metabolite,
2231,β-glucan,
2232,mannan,
2233,macrophage activation,
2234,TNF-α induction,
2244,food preservative,
2245,cannabinoid,
2247,psychoactive,
2253,acetic acid tolerance,
2255,secondary metabolite,
2261,dicarboxylate,
2270,emulsifiers,
2271,plasticizers,
2272,emollients,
2273,thickeners,
2274,biofuels,
2276,C16 alcohol,
2278,unsaturated fatty alcohol,
2281,thickener,
2282,C18 alcohol,
2285,C12 alcohol,
2287,detergent,
2288,C14 alcohol,
2291,odd-chain alcohols,
2305,vitamin D4 precursor,
2308,membrane constituent,
2309,eukaryotic cells,
2315,sterol derivative,
2316,biosynthetic byproduct,
2325,biodegradable solvent,
2327,fruit flavor,
2338,higher alcohols,
2339,fusel oils,
2360,food,
2378,fermentable sugar,
2411,medicinal,
2463,lignocellulosic substrate,
2466,second generation bioethanol,
2471,low-carbon alcohol,
2474,ABE fermentation,
2480,mixed fermentation,
2483,trans-methylation,
2484,trans-sulfuration,
2485,polyamine synthesis,
2488,C4-dicarboxylic acid,
2489,industrial chemical precursor,
2490,versatile platform chemical,
2494,feed ingredient,
2496,industrial enzyme,
2497,biocatalyst,
2503,agrochemical,
2508,deicer,
2509,environmentally friendly,
2514,lactose hydrolysis,
2515,dairy industry,
2524,2nd-generation bioethanol,
2532,bio-plastic precursor,
2544,ointment,
2547,honey,
2553,viscosity enhancer,
2565,green chemical,
2569,carbon source,
2570,greenhouse gas,
2592,hydrolysis,
2593,fermentation substrate,
2595,lignin degradation,
2598,hemicellulose degradation,
2601,cellulose degradation,
2604,sugar conversion,
2624,hemicellulose,
2634,nutritional,
2674,hydrolysate,
2676,biomass component,
2680,recalcitrant polymer,
2683,distilled beverage,
2684,alcoholic,
2685,enzymes,
2687,acid,
2691,gasoline substitute,
2700,industrial biotechnology,
2702,renewable resource,
2705,fermentation inhibitor,
2706,essential oil,
2718,dihydroflavone,
2720,chalcone,
2730,stress protector,
2735,biodegradable plastics,
2737,high optical purity,
2740,thermostability,
2743,thermostable,
2746,catalytic efficiency,
2759,insecticidal,
2774,rubber precursor,
2775,volatile organic compound,
2860,chiral building block,
2862,enantiopure,
2863,asymmetric reduction,
2869,VHG fermentation,
2882,ethanol production,
2890,co-product,
2891,agricultural,
2912,biorefinery,
2926,biotransformation,
2932,cellulase,
2938,cellulosic ethanol,
2967,xylose-utilization,
2975,second-generation bioethanol,
2978,redox-sink product,
2985,lignocellulose,
3000,provitamin D,
3012,synthetic rubber precursor,
3033,low pH fermentation,
3034,biobased precursor,
3047,lignocellulosic ethanol,
3055,methane,
3064,bioethanol,
3075,high-efficiency,
3079,anti-freeze,
3100,inhibitor-tolerant,
3103,anti-cariogenic,
3105,biocatalytic production,
3127,polyhydroxyalkanoate,
3144,protein-rich,
3145,fiber-enriched,
3148,single-cell protein,
3154,high-protein,
3155,amino acids,
3159,microalgae-derived,
3165,value-added product,
3173,high-titer,
3176,low freezing point,
3177,precursor for synthetic rubber,
3179,pharmaceuticals,
3180,food additives,
3181,industrial solvents,
3193,whey valorization,
3207,silica,
3209,catalysts,
3210,composite fillers,
3211,lignin,
3217,xylitol,
3222,biorenewable chemical,
3237,fatty acids,
3240,3G ethanol,
3246,PHA,
3260,colorant,
3272,waste valorization,
3278,composite material,
3293,third-generation,
3296,cellulose-derived,
3304,rocket propellant,
3306,biostimulant,
3307,drought tolerance,
3317,cosmetic_agent,
3318,fatty_acid,
3321,blood_pressure_regulator,
3323,vitamin_precursor,
3324,membrane_component,
3325,cellular_growth,
3326,biomass_production,
3332,cosmetic_ingredient,
3333,pharmaceutical_adjuvant,
3338,antioxidative,
3339,perfumery,
3340,lubricant additive,
3341,ubiquinone,
3343,electron carrier,
3344,mitochondrial lipid,
3360,polyphenol,
3373,phytoalexin,
3383,bio-modulating agent,
3387,plasticizer,
3391,flavoring agent,
3397,biobased chemical,
3401,macrocycle polyether building block,
3403,biodegradable detergents,
3404,polymeric materials,
3408,thiol,
3409,wine flavoring,
3410,sulfur-containing,
3418,acetylated,
3421,malic acid degradation,
3422,deacidification,
3424,color stabilizer,
3425,pyranoanthocyanin precursor,
3427,wine quality,
3428,glyceropyruvic pathway,
3429,food safety,
3430,urea degradation,
3431,ethyl carbamate prevention,
3432,pyranoanthocyanin,
3433,color stability,
3434,wine pigment,
3437,health benefits,
3439,fruity,
3441,volatile,
3443,winey,
3444,floral,
3478,nylon intermediate,
3481,ω-hydroxy fatty acid,
3482,biotransformation intermediate,
3484,fatty acid derivative,
3486,wine flavor enhancer,
3491,fusel alcohols,
3501,beer flavor,
3504,banana,
3511,apple,
3512,fruit,
3517,aniseed,
3523,sweet,
3542,rose,
3545,carbonyl compound,
3576,bioenergy,
3581,biorefinery product,
3584,yeast fermentation,
3589,supplement precursor,
3606,acid-tolerance,
3607,thermo-tolerance,
3614,fermentation-derived,
3619,biofuel candidate,
3620,natural flavoring,
3625,unnatural amino acid,
3627,enzyme inhibitor,
3649,rose aroma,
3656,health supplement,
3666,acidulant,
3672,functional beverage,
3673,fermented drink,
3674,GABA-enriched,
3686,glycerol,
3689,acetic acid,
3692,succinic acid,
3703,starch-based,
3713,aromatic,
3715,bulk feedstock,
3716,chemical industry,
3717,liquid crystal polymers,
3718,preservatives,
3723,folate biosynthesis intermediate,
3724,pharmaceutical moiety,
3725,cross-linking agent,
3732,SSF,
3733,yeast,
3734,Saccharomyces cerevisiae,
3736,starch,
3737,instant noodle waste,
3743,yeast-derived,
3757,cellobiose-based,
3760,chiral chemical,
3761,"(R,R)-2,3-butanediol",
3763,engineered yeast,
3764,xylose,
3765,renewable biomass,
3766,bio-based platform chemical,
3767,polyhydroxyalkanoate precursor,
3769,stereo-specific fine chemical,
3771,hydroxyacid,
3772,yeast product,
3773,metabolically engineered,
3785,triol,
3790,continuous fermentation,
3791,cell-recycling,
3792,redox potential,
3793,high gravity fermentation,
3795,branched-chain ester,
3799,eco-friendly,
3800,isobutyl acetate,
3804,banana flavor,
3805,green solvent,
3806,3-methyl-1-butyl acetate,
3810,2-methyl-1-butyl acetate,
3822,stress metabolite,
3825,membrane protectant,
3830,CRISPR,
3832,adaptive evolution,
3833,seaweed,
3834,galactose,
3839,biofuel additive,
3840,moisturizer,
3841,plant growth factor,
3844,glycerol-free production,
3845,redox balanced,
3847,α-hydroxy ketone,
3851,ephedrine,
3852,pseudoephedrine,
3853,decongestant,
3854,antiasthmatic,
3855,bronchodilator,
3860,amino acid derivative,
3861,high-value bio-product,
3879,plant metabolite,
3883,antibacterial,
3884,antiallergic,
3889,multi-copy integration,
3890,rDNA integration,
3916,C6,
3917,anise seed aroma,
3918,bioflavor,
3919,beverage additive,
3923,C8,
3924,sour apple aroma,
3930,C10,
3931,floral odor,
3939,bio-based production,
3944,hydroxymandelate,
3945,competing pathway,
3948,Ehrlich pathway,
3967,de novo production,
3969,menthol precursor,
3970,CRISPR-engineered,
3979,medium-chain,
3984,bio-based,
3993,muconic acid,
3996,adipic acid,
3997,"nylon-6,6",
3998,polyurethane,
3999,shikimate pathway,
4006,drop-in fuel,
4013,acetoin reduction product,
4017,acetolactate derivative,
4018,hydroxyketone,
4020,diacetyl reduction product,
4022,dihydroxy acid,
4023,pathway bottleneck,
4024,valine precursor,
4026,keto acid,
4028,decarboxylation substrate,
4030,branched-chain amino acid,
4032,valine biosynthesis,
4042,overflow metabolite,
4050,triacylglycerol,
4051,TAG,
4054,nutrition,
4058,overproduction,
4061,"nylon-6,6 precursor",
4064,glucose-derived,
4070,CNS drug,
4071,sodium channel blocker,
4072,epilepsy treatment,
4073,bipolar disorder,
4079,whole cell biocatalysis,
4086,co-culture,
4087,thermotolerant,
4088,mixed sugar utilization,
4089,detoxified hydrolysate,
4095,acid-tolerant,
4096,stress-tolerant,
4097,non-GMO,
4098,repeated-batch fermentation,
4099,high-temperature fermentation,
4104,corn stover,
4105,pentose fermentation,
4106,xylose isomerisation,
4111,transfructosylation,
4117,yeast metabolite,
4118,added-value product,
4125,high-gravity,
4126,brewer's spent grain,
4128,pentacyclic triterpene,
4133,heterologous expression,
4140,functional-food,
4144,amino-acid-supplementation,
4145,chiral synthon,
4147,optically active compound,
4148,hydroxy ester,
4149,chlorinated compound,
4150,bioreduction product,
4153,S-enantiomer,
4157,medical application,
4161,high-cell-density culture,
4162,fed-batch culture,
4163,amino acid modulation,
4164,glutathione,
4167,non-protein thiol,
4174,magnetic field,
4175,bioprocess,
4182,coloring agent,
4183,recombinant yeast,
4184,industrial wine yeast,
4185,batch fermentation,
4186,pH control strategy,
4187,oxidative stress,
4191,consolidated bioprocessing,
4194,surface display,
4195,minicellulosome,
4196,cellulose saccharification,
4197,microcrystalline cellulose,
4215,C4 chemical,
4219,C4 compound,
4224,xylose-fermenting,
4238,immobilized cells,
4240,cane molasses,
4250,on-site production,
4251,hydrolysis enzyme,
4260,CRISPRi,
4264,glycosylated,
4266,anti-arthritis,
4268,anti-diabetes,
4269,hepatoprotection,
4286,ginsenoside pathway,
4293,saponin,
4298,immunoregulation,
4300,plant-derived,
4310,ultrasound-enhanced,
4311,waste-derived,
4321,food waste,
4323,enzymatic hydrolysis,
4324,SHF,
4327,p-hydroxycinnamic acid,
4328,p-coumaric acid,
4333,microbial conversion,
4335,precursor chemical,
4341,cryoprotectant,
4345,NADH regeneration,
4364,plant defense compound,
4367,flavanone,
4371,precursor metabolite,
4373,isoflavone,
4377,phytoestrogen,
4380,flavonol,
4385,UV protectant,
4396,intermediate metabolite,
4400,three-carbon sugar,
4401,non-chiral,
4402,non-toxic,
4404,sunless tanning,
4411,glycerol dehydrogenase,
4412,osmotic stress,
4413,shake-flask,
4417,ion chelator,
4419,pharmaceutical additive,
4424,oxidative production,
4432,sandalwood,
4437,santalene synthase,
4441,farnesyl diphosphate,
4445,native metabolite,
4446,reduced production,
4447,target for down-regulation,
4457,xylose-derived,
4488,aromatic-based molecule,
4497,direct product,
4510,FAEE,
4515,dammarane-type,
4516,aglycon,
4519,ginsenoside-precursor,
4525,C4 alcohol,
4530,antifreeze,
4538,stereoisomers,
4540,eliminated,
4545,electron sink,
4546,anaerobic,
4549,aerobic,
4559,glucose,
4560,co-fermentation,
4564,promoter engineering,
4569,CoA-dependent pathway,
4572,acetyl-CoA derived,
4573,clostridial pathway,
4577,2-pyrone,
4581,acetyl-CoA-dependent,
4583,acrylic acid precursor,
4584,superabsorbent polymer,
4590,β-alanine pathway,
4593,free fatty acids,
4594,FFAs,
4595,lipids,
4601,secretion,
4602,extracellular,
4603,neutral lipid recycle,
4604,acyl-CoA synthetase,
4605,β-oxidation,
4607,tetraterpene,
4609,food-colorant,
4610,feed-additive,
4611,nutrient-supplement,
4612,hydrophobic,
4613,membrane-stored,
4617,vitamin-A-precursor,
4624,sterol-precursor,
4626,competing-pathway,
4627,sesquiterpene-alcohol,
4629,FPP-hydrolysis-product,
4635,healthcare product,
4639,directed evolution,
4655,protoberberine alkaloid,
4656,benzylisoquinoline alkaloid,
4657,plant natural product,
4662,cytochrome P450 product,
4666,anti-cancer potential,
4667,anti-HIV potential,
4672,protopine alkaloid,
4675,pharmaceutical compound,
4676,benzophenanthridine alkaloid,
4696,antithrombotic,
4697,antiaging,
4700,de novo biosynthesis,
4701,short branched-chain fatty acid,
4702,C4,
4705,plasticizer precursor,
4708,methacrylic acid precursor,
4710,C5,
4715,sedative,
4723,statin synthesis,
4726,triacetic acid lactone,
4727,TAL,
4732,NADPH-generating pathway,
4733,mitochondrial transport engineering,
4734,methylxanthine,
4736,purine alkaloid,
4740,trimethylxanthine,
4744,dimethylxanthine,
4745,antiasthma,
4750,monomethylxanthine,
4752,selective production,
4757,key intermediate,
4758,caffeine pathway,
4765,antiulcer,
4766,antileishmanial,
4767,insect repellent,
4770,terpene alcohol,
4771,side product,
4780,rubber monomer,
4789,C12-C18 fatty alcohols,
4804,biodegradable_plastics,
4811,anti-proliferative,
4814,biosynthetic precursor,
4815,lathyrane diterpenoid,
4819,diterpenoid precursor,
4821,oxidized diterpenoid,
4824,dead-end product,
4825,diterpenoid intermediate,
4826,oxidized casbane,
4828,precursor to jolkinol C,
4832,stable,
4844,fluorescent probe,
4845,diagnostic reagent,
4858,antioxidant precursor,
4864,anxiolytic,
4865,GABAA modulator,
4866,plastic precursor,
4874,anthraquinone,
4877,dye,
4881,laxative,
4883,paper-making component,
4887,alkaloid precursor,
4891,iridoid,
4893,cyclic terpenoid,
4895,energetic plasticizer,
4907,dammarane,
4913,glucocorticoid,
4921,tryptamine derivative,
4926,natural compound,
4928,new-to-nature,
4929,epoxycarotenoid,
4932,xanthophyll,
4935,hydroxylated carotenoid,
4938,mono-epoxidated,
4944,lignan precursor,
4945,bioactive intermediate,
4946,flavonolignan,
4958,human milk oligosaccharide,
4959,infant formula,
4961,anti-infective,
4971,anti-convulsant,
4972,anti-hyperalgesia,
4973,anti-cholesterol,
4974,flavor enhancer,
4975,fragrance enhancer,
4978,cosmetic additive,
4981,PPT-type,
4984,cardiovascular-protection,
4989,microcirculation-regulation,
4990,hemostasis,
5000,starch fermentation,
5005,rose-like aroma,
5006,bactericide,
5012,fermented beverage,
5013,low-alcohol,
5014,cereal-based,
5015,traditional food,
5022,stabilizer,
5023,emulsifier,
5024,fat substitute,
5025,gelling agent,
5027,anticoagulant,
5029,protein,
5031,polyalcohol,
5033,diabetic-friendly,
5042,octane enhancer,
5047,vinegar,
5049,food product,
5056,vitamin E isomer,
5064,biotechnology,
5087,perfume ingredient,
5088,vitamin E precursor,
5098,food-additive,
5099,furanone,
5119,toiletry,
5124,pesticide,
5134,wine quality marker,
5145,phenolic alcohol,
5148,bitter compound,
5149,monosaccharide,
5152,carbohydrate,
5159,functional food additive,
5167,metabolic byproduct,
5171,food_engineering,
5175,food_preservative,
5179,flavonoid_blend,
5181,natural_compound,
5185,cancer prevention,
5186,GRAS organism,
5205,hypocholesterolemic,
5208,lactose-based,
5210,nootropic,
5225,flavone,
5226,pinocembrin derivative,
5231,glycosylated flavone,
5233,hepatitis treatment,
5240,methylated flavone,
5243,clinical trial phase I/II,
5244,cancer-selective,
5247,PLK1 inhibitor,
5248,lifespan extension,
5249,dimethylated flavone,
5256,myocardial protective,
5257,antiapoptotic,
5258,precursor for plant natural products,
5284,chalcone derivative,
5285,sesquiterpene lactone,
5293,seco-iridoid,
5300,monoterpenoid derivative,
5309,anti-pathogen,
5310,immune modulator,
5315,glycan building block,
5325,minor product,
5326,phytochemical,
5330,volatile hydrocarbon,
5333,pesticide manufacturing,
5339,mycosporine-like amino acid,
5342,sweetener precursor,
5346,vicinal diol,
5347,chiral,
5359,branched-chain higher alcohol,
5360,isopentanol,
5366,anti-virus,
5402,abietane-type norditerpenoid,
5407,flavor volatile,
5413,vinegar component,
5427,functional lipid,
5428,chemopreventive,
5435,dough rheology modifier,
5441,selenium-enriched,
5442,organically bound selenium,
5443,animal feed additive,
5458,antimalarial precursor,
5460,semi-synthetic drug source,
5467,C5 alcohol,
5475,paclitaxel intermediate,
5477,tanshinone precursor,
5492,analgesic,
5493,morphinan alkaloid,
5495,antitussive,
5499,semisynthetic opioid,
5500,enhanced gastrointestinal absorption,
5503,enhanced circulatory half-life,
5506,high potency (5-7x morphine),
5525,anticancer drug,
5527,phthalideisoquinoline,
5529,protoberberine,
5533,secoberberine,
5538,short-chain fatty acid,
5544,reactive dye,
5545,textile dye,
5546,wastewater treatment,
5547,bioaccumulation,
5557,terpene-based,
5559,diesel alternative,
5573,VLCFA-derived,
5586,coating,
5587,wax,
5599,acetylcholinesterase inhibitor,
5600,quaternary alkaloid,
5604,novel compound,
5608,nylon monomer precursor,
5610,glycosylated triterpenoid,
5615,aglycone,
5632,synthetic chemistry,
5641,tropane alkaloid,
5643,neurological disorder treatment,
5645,non-canonical,
5646,drug discovery,
5648,biosynthesis intermediate,
5650,tropane alkaloid intermediate,
5651,biosynthesis precursor,
5665,flavonoids,
5666,alkaloids,
5667,flavors,
5668,fragrances,
5670,biocosmetics,
5671,health and nutrition,
5676,sensor,
5677,screening tool,
5678,vitamin E,
5680,amphipathic,
5681,cholesterol-lowering,
5683,radioprotectant,
5684,tocochromanol,
5685,N-acylethanolamine,
5686,bioactive lipid,
5694,cannabinoid agonist,
5701,caloric restriction mimetic,
5702,age-related diseases,
5707,pyrrolizidine alkaloid precursor,
5710,tetra-amine,
5713,isomer,
5715,polyamine analogue,
5717,antiprotozoal,
5719,phenolamide,
5721,drug candidate,
5724,hydroxycinnamic acid conjugate,
5726,fluorinated,
5727,unnatural,
5728,ADMET optimization,
5729,monoterpene indole alkaloid,
5730,plant-derived alkaloid,
5731,anticancer drug precursor,
5734,value-added natural product,
5735,yeast-produced,
5737,rhamnosylated,
5738,protopanaxatriol-type,
5743,metabolic disease,
5747,gram-per-liter scale,
5754,anti-ischemic,
5755,anti-arrhythmic,
5762,advanced fuel,
5769,threonine pathway,
5770,citramalate pathway,
5771,keto-acid pathway,
5780,natural,
5792,methylated derivative,
5794,pinostilbene,
5796,improved stability,
5797,improved bioavailability,
5801,pterostilbene,
5807,specialty chemical,
5810,non-flammable,
5813,anaerobic fermentation,
5814,textile industry,
5815,food packaging,
5817,pentose alcohol,
5825,cellulose,
5826,nanofiber,
5827,biomaterial,
5829,nanocellulose,
5832,dammarenediol-II derivative,
5833,anti-colon cancer,
5834,ginsenoside analog,
5836,microbial cell factory,
5850,hydroxylated steroid,
5854,anti-allergic,
5856,bioelectrocatalysis,
5857,P450 monooxygenase,
5859,NAD(P)H regeneration,
5861,anhydrohexitol,
5864,red macroalgae,
5865,agarose,
5870,agarobiose,
5876,natural aromatic,
5877,citrus,
5880,hydroxylation product,
5902,benzylisoquinoline,
5910,aporphine,
5931,xylose utilization,
5934,cellulosic,
5940,phytoterpenoid,
5945,tanshinone intermediate,
5948,diterpene,
5949,abietane-type,
5951,tanshinone biosynthesis,
5952,yeast production,
5953,E. coli production,
5955,sapogenin,
5979,hydroxylated,
5980,C-16α hydroxylation,
5996,di-oxidized,
6002,glucosylated,
6005,monoglycosylated,
6013,echinocystic acid,
6022,anti-tumor precursor,
6029,high-solids fermentation,
6030,CELF pretreatment,
6032,Saccharomyces cerevisiae D5A,
6044,butanol,
6052,nystose,
6053,transferase activity,
6055,functional carbohydrate,
6058,fructose,
6059,invert sugar,
6069,chimeric enzyme,
6070,β-glucosidase,
6071,endoglucanase,
6072,saccharification,
6073,bacteria,
6074,Escherichia coli,
6077,cellobiohydrolase,
6084,rose-like smell,
6096,flavour compound,
6097,volatile sulphur compound,
6104,co-expression,
6108,four-carbon,
6114,branched-chain,
6115,isobutanol,
6119,two-carbon,
6137,raw starch,
6142,amylase,
6146,Aspergillus terreus,
6147,secreted protein,
6149,glucoamylase,
6153,Aspergillus tubingensis,
6157,five-carbon,
6160,pharmaceutical ingredient,
6169,phenol,
6170,cresol,
6177,de novo,
6179,methylanisole,
6180,methylated phenol,
6181,ether,
6182,less toxic,
6185,vanillin precursor,
6186,detoxified product,
6187,in vivo methylation,
6190,glycosylated phenol,
6194,in vivo glycosylation,
6202,hydrophobic substrate,
6206,CRISPR/Cas9,
6209,three-carbon,
6212,polylactic acid,
6213,pla,
6227,fuel ethanol,
6232,heterologous product,
6236,biopharmaceutical,
6237,chemicals,
6239,bioproducts,
6240,industrial chemicals,
6242,shikonin precursor,
6243,naphthoquinone,
6244,monoterpene-quinone,
6245,prenylated benzoic acid,
6251,food fermentation,
6252,intermediate compound,
6253,precursor to ethyl carbamate,
6254,arginine degradation,
6255,carcinogen,
6256,food fermentation byproduct,
6257,urethane,
6258,contaminant,
6275,bulk chemical precursor,
6276,adipic acid precursor,
6279,shikimate pathway derivative,
6281,CCM,
6285,antimutagenic,
6289,GA,
6293,mevalonate pathway product,
6295,sterol pathway intermediate,
6303,amylolytic yeast,
6315,stress tolerance,
6316,lignocellulosic biorefinery,
6317,inhibitor tolerance,
6318,acetic acid resistance,
6320,nucleotide sugar,
6321,fucose donor,
6322,glycosylation,
6323,de novo pathway,
6325,E. coli genes,
6326,glycan synthesis,
6327,sialyl Lewis x precursor,
6337,solubility-tagged,
6342,mutant,
6343,nystatin-resistant,
6345,research chemical,
6399,osmotic stress response,
6403,pH-responsive,
6405,gas,
6408,volatile metabolite,
6418,xylose derivative,
6441,Zymomonas mobilis,
6442,soybean meal hydrolyzates,
6450,acetate-reducing,
6456,low concentration,
6467,pentose metabolism,
6470,phenylethanoid,
6472,nutraceutical ingredient,
6477,phenylethanoid glycoside,
6483,anti-photoaging,
6492,pentose,
6497,pentose-utilizing,
6500,protoplast fusion,
6501,mutagenesis,
6507,pentose utilization,
6508,hexose utilization,
6509,white-rot fungi,
6510,soft-rot fungi,
6511,spent sulfite liquor,
6512,cellulolytic activity,
6516,rose-like odour,
6525,PEA,
6533,mutant strain,
6536,anti-depressant,
6537,anti-Alzheimer's,
6540,recombinant,
6541,spaceflight mutagenesis,
6542,overexpression,
6544,industrial production,
6550,molasses,
6553,hydrolase,
6558,intracellular,
6563,wine,
6578,isoamyl alcohol,
6598,wine acid,
6608,wine phenolic,
6609,polyphenols,
6610,antioxidants,
6611,phenolic compounds,
6612,wine constituents,
6613,anthocyanins,
6614,pigments,
6615,color compounds,
6617,wine color,
6621,wine additive,
6623,volatile acidity,
6640,impurity,
6645,fusel oil,
6646,aromatic compounds,
6651,inhibitory compound,
6655,oxidizable compounds,
6656,reactive carbonyls,
6657,volatile phenol,
6658,wine spoilage,
6659,off-flavour,
6675,precursor compound,
6693,anti-ageing,
6722,anaerobic metabolite,
6723,redox-balancing compound,
6732,cancer chemopreventive,
6733,insect control,
6750,Candida krusei,
6751,glucose-based,
6752,low byproduct,
6753,membrane separation,
6754,pervaporation,
6794,cellulose fermentation,
6795,carboxymethyl-cellulose,
6798,saponin precursor,
6801,C30 backbone,
6803,triose,
6805,self-tanning agent,
6808,micro-aerobic,
6812,floral scent,
6813,food industry,
6814,perfume industry,
6818,solid-state fermentation,
6819,submerged fermentation,
6820,Chinese liquor,
6836,odorant,
6837,strain-specific,
6848,acetal,
6886,antifungal,
6888,rose scent,
6891,organic waste,
6892,whey,
6893,sugar beet,
6899,sugarcane-derived,
6900,volatile sulfur compound,
6901,off-odour,
6910,global transcription machinery engineering,
6911,isobutanol tolerance,
6914,renewable carbon source,
6915,chitin,
6916,GlcNAc,
6917,N-acetylglucosamine,
6948,apoptosis inducer,
6959,acid-catalyzed isomer,
6960,polypeptide,
6962,cyanophycin,
6963,arginine,
6964,aspartic acid,
6965,lysine,
6967,water-insoluble,
6968,transgenic yeast,
6970,nonribosomal peptide,
6971,polyamide,
6972,polydispersed polymer,
6983,extracellular accumulation,
6984,p-coumaric acid precursor,
6989,p-coumaric acid metabolite,
6990,stationary phase production,
6998,toxic by-product,
7006,oxidized metabolite,
7015,reduced metabolite,
7028,unsaturated diacid,
7031,shikimate pathway intermediate,
7032,bottleneck metabolite,
7033,dihydroxybenzoic acid,
7036,dihydroxybenzene,
7038,benzenediol,
7062,acetate-converting,
7068,lignocellulosic hydrolysate,
7082,chemical hydrogenation,
7086,plastic,
7090,protocatechuic acid,
7095,catechol,
7109,pentafunctional minicellulosome,
7115,succinate,
7128,evolutionary engineering,
7139,L-arabinose,
7140,codon optimization,
7142,biomass hydrolysate,
7143,C4 dicarboxylic acid,
7160,CO2-responsive,
7164,trace product,
7186,C3 compound,
7198,aromatic aldehyde,
7206,slow-release,
7209,glycosylated aromatic compound,
7210,storage form,
7221,muconic acid pathway,
7223,decarboxylation product,
7231,stereoisomer,
7256,mouthfeel enhancer,
7272,acidity regulator,
7283,reduced formation,
7293,organic acids,
7297,mixed acids,
7300,coupled fermentation,
7301,ATP regeneration,
7302,baker's yeast,
7303,Corynebacterium glutamicum,
7304,Brevibacterium flavum,
7306,nitrogen metabolism,
7311,anaerobic production,
7351,pyruvate,
7358,pyruvate decarboxylase-negative,
7359,C2-independent,
7360,glucose-tolerant,
7364,surface-display,
7366,corn starch,
7368,α-amylase,
7369,non-cooking process,
7372,xylan,
7378,cell surface display,
7393,anti-estrogenic,
7394,cardiac function,
7418,central precursor,
7420,antiallergenic,
7423,phenylpropanoid pathway,
7425,engineered,
7434,dihydrochalcone,
7447,unidentified,
7449,flavonoid-related,
7477,unhydroxylated,
7488,first-time,
7496,enzyme fusion,
7500,Baijiu,
7527,flavor compounds,
7550,complexing agent,
7553,weak organic acid,
7558,soup base,
7559,probiotic,
7560,B vitamins,
7568,starch-derived,
7570,anti-malarial precursor,
7586,branched higher alcohol,
7587,C2 hydroxy acid,
7588,alpha-hydroxy acid,
7594,chaperone protein,
7670,lignocellulosic-ethanol,
7678,carbohydrate-derived,
7696,cellulolytic,
7698,lignocellulose degradation,
7699,xylanolytic,
7705,petrochemical,
7711,polyketide precursor,
7714,apocarotenoid,
7717,terpenoid-derived,
7722,immune regulation,
7725,detergent precursor,
7726,emulsifier precursor,
7727,lubricant precursor,
7732,sensory molecule,
7735,biodegradable polyester precursor,
7740,crosslinking agent,
7756,edible pigment,
7767,cardio-protective,
7768,anti-asthma,
7773,rose-like scent,
7778,cholesterol-reduction,
7779,cancer-therapy,
7780,polymer-building-block,
7781,CoA-thioester,
7782,pharmaceutical-precursor,
7783,angelate-biosynthesis,
7787,monoterpene ester,
7790,antinociceptive,
7794,infant-nutrition,
7795,anthocyanin,
7799,flavone C-glucoside,
7810,resin acid,
7811,industrial intermediate,
7812,wax ester,
7814,diunsaturated,
7820,monounsaturated,
7821,erucic acid,
7826,docosanol,
7835,labdane-type,
7881,antifreeze agent,
7912,aquaculture,
7921,anti-cancer precursor,
7930,diterpenoid alcohol,
7931,degradation product,
7933,phenolic glycoside,
7939,unsaturated fatty acid,
7940,saturated fatty acid,
7942,anti-obesity precursor,
7952,aromatic amine,
7954,dyes,
7955,perfumes,
7958,grape flavor,
7966,terephthalic acid precursor,
7988,isobutyl ester,
7992,isoamyl ester,
7996,active amyl ester,
8000,fuel substitute,
8021,anti-freeze agent,
8025,agricultural chemical,
8036,corticosteroid precursor,
8046,lignocellulosic fermentation,
8055,jet fuel precursor,
8056,tricyclic,
8079,higher combustion power,
8080,reduced aqueous miscibility,
8081,gasoline-compatible,
8106,single-step fermentation,
8109,bio-based plastic,
8116,carbonated beverage,
8120,distilled spirit,
8128,fine chemicals,
8129,biocatalysis,
8131,API,
8143,gasoline replacement,
8151,steroid hormone,
8152,estrogen,
8156,estrogen precursor,
8157,medium component,
8158,lipid ester,
8159,estrogen metabolite,
8160,nonpolar derivative,
8163,thermostability enhancer,
8164,optically pure,
8176,redox balancing,
8181,mineral-enriched,
8182,organic copper,
8208,undesired product,
8215,cassava-based,
8223,valine biosynthetic pathway,
8226,cytosolic engineering,
8235,transporter engineering,
8236,D-lactate utilization,
8238,high-value-added,
8245,metal chelator,
8251,protective compound,
8265,precursor molecule,
8267,plant-derived compound,
8271,yeast factory,
8276,fungal sterol,
8284,co-production,
8287,cellobiose,
8298,xylose reductase,
8306,semi-simultaneous saccharification and fermentation,
8307,fed-batch process,
8309,biocommodity chemical,
8311,butanol isomer,
8312,high octane,
8313,engineered pathway,
8319,methyl ethyl ketone,
8328,artemisinin intermediate,
8338,Taxol precursor,
8354,oleanane,
8355,high-value metabolite,
8361,commercial,
8370,multifunctional enzyme,
8379,packed-bed reactor,
8385,agricultural waste,
8391,Euphorbiaceae,
8393,biomaterial precursor,
8397,GGPP derivative,
8407,C40,
8420,dihydroartemisinic acid,
8426,artemisinic acid,
8430,cardiovascular,
8439,waste recycling,
8440,self-cycling fermentation,
8443,bio-based polymer precursor,
8444,reductive pathway,
8445,CO2 fixation,
8446,glycerol utilization,
8455,tricarboxylic acid,
8463,carotenoid derivative,
8465,temperature-responsive,
8466,yeast cell factory,
8470,lipophilic,
8472,temperature-dependent,
8473,glycosylated carotenoid,
8474,downstream product,
8475,not detected,
8476,glycosyltransferase,
8477,attempted production,
8483,neuropsychological,
8489,woody-violet aroma,
8490,industrial fragrance,
8501,orange peel,
8503,CRISPR-Cas9,
8508,sestc,
8517,butyl ester,
8518,alcoholysis product,
8519,engineered bacteria,
8520,Eat1 enzyme,
8534,pyrazine,
8536,nutty aroma,
8538,cardiovascular health,
8539,Baijiu flavor,
8540,heterocyclic compound,
8543,flavor intermediate,
8545,Baijiu fermentation,
8550,dicarbonyl,
8557,Baijiu component,
8569,kynurenine pathway,
8573,tryptophan derivative,
8577,aryl hydrocarbon receptor,
8582,NAD+ biosynthesis,
8587,melatonin pathway,
8592,isomers,
8594,cytoprotective,
8616,very-high-gravity fermentation,
8635,mango-based,
8636,nondairy,
8639,volatile compounds,
8641,"α,ω-DCA",
8646,whole-cell biocatalysis,
8647,ω-oxidation,
8648,P450 enzyme,
8649,hydroxy fatty acid,
8650,ω-hydroxyfatty acid,
8663,sawdust carrier,
8667,cyclic AMP booster,
8668,anti-glaucoma,
8669,cardiotonic,
8671,microbial biosynthesis,
8676,transcriptional regulation,
8679,anti-tumorigenic,
8683,triterpenoid precursor,
8684,ursolic acid precursor,
8686,oleanolic acid precursor,
8694,novel enantiomer,
8695,diastereomer,
8702,novel,
8705,novel scaffold,
8715,whole-cell biocatalyst,
8716,single isomer CLA,
8717,yeast surface display,
8718,fluorescent reporter,
8719,surface-anchored enzyme,
8720,bifunctional fusion,
8721,fatty acid-derived,
8723,isoprenoid-derived,
8725,alcohol-derived,
8735,GABA,
8737,food-grade production,
8738,xylan catabolism,
8740,minimal medium,
8742,improved yield,
8743,xylan fermentation,
8747,NADPH-dependent XR,
8748,NADH-preferring XR,
8749,cofactor regeneration,
8751,glucose-based production,
8756,biochemical engineering,
8757,bioprocess development,
8763,biosensor,
8764,adaptive laboratory evolution,
8765,decarboxylase,
8768,HPLC,
8774,polyphenolic compound,
8780,aerobic continuous cultivation,
8782,oxidoreductive growth,
8784,metabolic flux,
8795,encapsulation,
8800,inhibitor effect,
8801,furfural conversion,
8820,inhibitor metabolism,
8821,miniemulsion,
8822,Amano lipase PS,
8824,F. s. pisi cutinase,
8837,genetically modified,
8843,microbial strain,
8846,PLK1 inhibitor intermediate,
8847,ethanol tolerance,
8848,SPT15 mutation,
8850,enhanced ethanol production,
8859,genome integration,
8861,enhanced production,
8874,xylan degradation,
8875,metabolic pathway,
8889,chromosomal integration,
8894,nitrogen limitation,
8895,medium chain FAEEs,
8896,exogenous fatty acid,
8897,odd-chain FAEE,
8898,long-chain FAEEs,
13508,β-amyrin synthase,
13514,cassava,
13516,cell factory,
13522,wheat straw,
13526,FAEEs,
13536,acyltransferase,
13555,ginsenosides,
13565,Ca-alginate matrix,
13567,immobilized cell,
13580,byproducts,
13582,toxicity,
13590,continuous culture,
13591,oscillatory behavior,
13596,L-ephedrine,
13607,dehydroshikimate,
13612,cytochrome P450,
13617,opioids,
13618,plant secondary metabolites,
13624,VLCFOHs,
13641,anti-tumoral,
13666,heterologous biosynthesis,
13669,Ganoderma lucidum,
13672,DL-methionine,
13675,branched-chain alcohols,
13694,metabolic_engineering,
13698,explosives,
13699,energetic materials,
13714,acetylated product,
13721,resveratrol,
13722,Saccharomyces cerevisiae EC1118,
13729,biomaterials,
13744,secondary metabolites,
13747,fermentation by-products,
13749,LED light,
13759,alginate,
13760,immobilised,
13761,fluidised-bed,
13762,bioreactor,
13763,whole-cell biotransformation,
13768,acid resistance,
13769,biodegradable material,
13770,industrial application,
13779,inhibitors,
13780,seawater,
13785,pretreatment,
13798,chicken feather protein hydrolysate,
13799,cysteine-rich,
13800,glycine-rich,
13803,G6PDH activity,
13813,thiamine synthesis,
13825,monoterpene alcohol,
13835,inulin,
13836,fed-batch fermentation,
13839,osmoregulation,
13840,salt stress,
13841,yeast metabolism,
13844,stationary phase,
13849,gene disruption,
13850,ergosterol biosynthesis,
13884,biofilm reactors,
13889,kissiris,
13891,carob pod extract,
13899,Ca-alginate beads,
13900,carob pods extract,
13903,γ-alumina,
13905,molasse,
13932,sterol drugs,
13935,hyperosmotic stress,
13936,NADH reoxidation,
13953,industrial yeast,
13954,ethanol yield,
13955,arabinose fermentation,
13957,metabolic pathways,
13961,functional foods,
13967,high-cell-density cultivation,
13976,whole-cell catalysis,
13978,response surface methodology,
13979,ATP utilization efficiency,
13986,VHG conditions,
13988,pharmacological agents,
13992,sterol biosynthesis,
14023,furan derivative reduction,
14043,fermentation inefficiency,
14059,engineered invertase,
14060,carnitine,
14063,eukaryotes,
14064,acyl transfer,
14067,lactate dehydrogenase,
14080,oxidized product,
14082,reduced product,
14089,D-lactate dehydrogenase,
14091,pharmaceutical industry,
14092,biotechnological production,
14099,mitochondrial engineering,
14126,vinegar precursor,
14129,sugar refinement,
14147,furfural,
14149,antimicrobial agent,
14178,CRISPR-Cas,
14180,lactic acid production,
14183,GAL regulatory system,
14196,plastic monomer,
14199,osmoadaptation,
14208,food_coloring,
14217,lignocellulosic hydrolyzates,
14224,cell recycle,
14227,resolving agent,
14239,by-product reduction,
14250,transglucosylation,
14252,enzymatic synthesis,
14255,high-ethanol tolerance,
14266,enzymatic conversion,
14269,galactose metabolism,
14276,FOS,
14282,Kluyveromyces marxianus,
14287,Repeated batch fermentation,
14290,Gracilaria verrucosa,
14291,thermal acid hydrolysis,
14292,enzymatic saccharification,
14301,sugars,
14310,lignocellulose hydrolysate,
14312,glucose fermentation,
14319,galactose utilization,
14329,Crabtree-positive,
14332,metabolism,
14336,Candida tropicalis,
14337,sugarcane bagasse,
14338,oxygen transfer rate,
14339,nutrient supplementation,
14345,Rhizopus oryzae,
14355,hemicellulose derivative,
14362,genetic engineering,
14363,mixed sugars,
14367,yeast co-culture,
14368,mutant strains,
14369,oxygen control,
14370,thermophilic bacteria,
14383,food processing,
14389,TSL1 gene,
14390,high temperature fermentation,
14409,galactomannan hydrolysis,
14436,HAP4 deletion,
14438,aerobic conditions,
14441,lactic acid bacteria,
14448,inulinase,
14450,recombinant yeasts,
14462,chemical conversion,
14474,membrane precursor,
14477,weak acid tolerance,
14482,triterpenoids,
14504,bio-ethanol,
14505,lactose fermentation,
14509,coffee husks,
14521,industrial strains,
14524,industrial strain PE-2,
14526,immunostimulant,
14530,glycerol elimination,
14534,Pichia pastoris,
14535,whole cell bioconversion,
14536,pharmaceutical production,
14546,L-tyrosine pathway,
14553,Vitreoscilla hemoglobin,
14554,pH-free fermentation,
14566,fuels,
14568,personal care products,
14573,plastics,
14580,co-substrate,
14631,Mixed cultures,
14632,Immobilization,
14633,Cheese whey powder,
14641,ion implantation,
14649,Cashew apple bagasse,
14682,rice straw,
14683,butanone,
14684,acetaldehyde,
14685,SSCF,
14687,xylose-fermenting yeasts,
14689,cotton gin waste,
14696,VHG technology,
14710,food and feed ingredients,
14711,industrial enzymes,
14719,Yeast inoculum size,
14720,In situ detoxification,
14723,carob waste,
14729,bio-plastics,
14757,flocculating yeast,
14758,sugarcane molasses,
14780,sucrose hydrolysis,
14787,corncob hydrolysate,
14790,cassava pulp,
14791,Aspergillus aculeatus,
14802,Pseudomonas putida,
14823,packed bed reactor,
14839,apoptosis-inducer,
14884,fermentation inhibitors,
14893,chestnut,
14894,Aspergillus oryzae,
14902,sweet sorghum juice,
14908,bamboo biomass,
14913,sugar production,
14925,carob extract,
14931,chiral building blocks,
14937,thermotolerant yeast,
14947,Sweet potato,
14963,CCGLB,
14970,Saccharomyces cerevisiae Y5,
14976,flocculation,
14979,cell-surface display,
14992,repeated-batch SSF,
14993,immobilized yeast,
14995,xylose-fermentation,
15016,residual biomass,
15022,carotenoids,
15023,ergosterol,
15024,feed industry,
15026,membrane sterol,
15031,co-culture fermentation,
15037,non-detoxified hydrolysate,
15049,carboxylic acids,
15060,reductive TCA pathway,
15075,chemical catalysis,
15076,used oil,
15094,biogas,
15095,anaerobic digestion,
15109,microalgae,
15110,Tribonema sp.,
15111,acid hydrolysis,
15126,redox sink,
15143,simultaneous saccharification and fermentation,
15144,high solids content,
15150,low-caloric,
15168,hydrolysis product,
15178,edible biomass,
15194,prebiotics,
15196,industrial applications,
15223,industrial material,
15231,high-value product,
15248,biological functions,
15268,Enterococcus,
15269,Lactobacillus,
15272,mixed culture,
15281,lignocellulose hydrolysates,
15282,sweet sorghum bagasse,
15283,alkaline-distilled,
15285,diploid strain,
15286,thermotolerance,
15288,Advanced Solid-State Fermentation,
15290,fermentation performance,
15306,composite,
15316,cheese whey valorisation,
15321,paper sludge,
15322,third-generation bioethanol,
15324,macroalgae,
15327,cotton waste,
15337,plant health,
15338,agriculture,
15341,lipogenesis,
15344,metabolic reprogramming,
15345,FFA production,
15364,mitochondrial,
15368,pABA-derived,
15369,Q6 biosynthesis,
15371,4-HB-derived,
15381,Coq7p substrate,
15395,health-functional compound,
15400,sugar extraction,
15402,dairy waste,
15405,biomodulating agent,
15412,biobased chemicals,
15413,furans,
15414,reduction,
15430,winemaking,
15431,Schizosaccharomyces pombe,
15433,pyranoanthocyanins,
15437,urease activity,
15449,acidic,
15450,caramel,
15454,phenolic,
15459,nutty,
15460,roasted,
15487,metabolites,
15488,non-conventional yeast,
15489,aroma enhancement,
15493,filamentous fungi,
15505,Bacillus,
15512,optimization,
15517,wild date palm,
15522,corn cob,
15526,yeast immobilization,
15536,yeast coculture,
15540,SSSF,
15565,chemically defined medium,
15579,self-cloning,
15596,continuous production,
15605,sorghum bagasse,
15609,respiration-deficient,
15617,xylose assimilation,
15624,algae biomass,
15637,cancer treatment,
15643,biodegradable polymers,
15645,antibiotics,
15646,pheromones,
15656,cell recycling system,
15657,hollow fibre membrane,
15659,osmotic regulation,
15661,stress marker,
15666,fermentation activity,
15699,alcoholic beverages,
15706,aromatic fine chemical,
15707,cosmetic industry,
15710,hydroxymandelate synthase substrate,
15727,polyurethane precursor,
15728,sustainable chemistry,
15741,lipid production,
15743,Renewable resources,
15749,NADPH regeneration,
15755,acid tolerance,
15772,healthcare,
15773,functional_foods,
15784,yeast biomass,
15811,MVA pathway,
15833,ultrasound-assisted fermentation,
15834,waste newspaper,
15844,health and nutrition products,
15848,glycerol production,
15852,NADPH,
15870,biorenewable chemicals,
15910,n-butanol,
15916,byproduct reduction,
15937,cofermentation,
15939,high solid loading,
15943,Transcription engineering,
15944,Tolerance,
15951,Steroid Derivative,
15961,"2,3-butanediol",
15965,pyruvate flux,
15971,jet_fuel_precursor,
15973,renewable_fuel,
15985,sugarcane distillery isolate,
15998,CBP,
16003,cassava hydrolysate,
16005,Glycerol fermentation,
16015,cell immobilization,
16018,lignocellulosic_ethanol,
16019,consolidated_bioprocessing,
16020,Saccharomyces_cerevisiae,
16032,xylose_utilization,
16043,tequila,
16045,agave,
16046,sensory quality,
16074,estrogen derivative,
16075,lipoidal ester,
16077,D-lactic acid,
16080,bioplastic monomer,
16088,heat shock,
16092,copper,
16097,soybean oil,
16100,Candida glabrata,
16103,Hanseniaspora valbyensis,
16121,lactate utilization,
16122,glucaric acid,
16141,heterologous enzymes,
16142,TEV-based expression,
16143,NADH-dependent,
16148,terpenoids,
16185,carbon dioxide fixation,
16188,carotenoid_derivative,
16189,temperature_switch,
16190,CRISPR_engineered,
16191,yeast_factory,
16211,bio-based solvents,
16215,sustainable esters,
16218,alcoholysis,
16219,thioesters,
16226,Acetoin Pathway,
16239,melatonin isomer,
16251,alcoholic fermentation,
16257,biofuel production,
16261,second generation ethanol,
16266,fruit-based,
16291,microbial_chassis,
16293,TF-based,
16294,S. cerevisiae,
16312,C. glutamicum,
16316,Cell free,
16323,riboswitch-based,
16330,Cell free/liposome,
16339,colorimetric,
16341,malonyl-CoA derivative,
16345,acetyl-CoA derivative,
16349,L-DOPA derivative,
16386,UV_protection,
16389,aminoriboflavin,
16391,Candida famata,
16392,Komagataella phaffii,
16394,roseoflavin,
16399,analogue,
16400,toxic metabolite,
16408,oxidized sesterterpenoid,
16415,energy carrier,
16436,Skin Health,
16437,Eye Health,
16457,food_additive,
16470,redox_balance,
16474,minor_product,
16480,extractive fermentation,
16481,in situ product recovery,
16484,Crabtree effect,
16499,microbial,
16516,xylan-derived,
16517,consolidated-bioprocessing,
16519,microbial_oil,
16524,natural_product,
16528,vitamin_A_precursor,
16541,redox engineering,
16550,immobilized_cell,
16553,yeast engineering,
16559,coimmobilization,
16567,yeast-fermentation,
16568,immobilized-cells,
16580,diffusible,
16592,feed,
16610,light-controlled,
16655,low salinity,
16657,glucose metabolism,
16694,biofilm reactor,
16727,renewable-energy,
16737,downstream processing,
16749,food_ingredient,
16778,functional_food,
16789,bioprocessing,
16804,industrial-solvent,
16811,natural_colorant,
16822,stress_response,
16823,compatible_solute,
16826,food_colorant,
16831,microbial_production,
16843,high-productivity,
16865,ethanol-tolerant,
16877,lipase,
16886,whey_valorization,
16890,seaweed biomass,
16896,lignocellulosic-biomass,
16912,bioproduct,
16932,transportation_fuel,
16934,sugar_alcohol,
16964,Aerobic fermentation,
17026,waste-valorization,
17029,agricultural residue,
17047,cell-recycle,
17056,low-pH fermentation,
17066,lignocellulosic waste,
17149,liver disease treatment,
17150,depression therapy,
17151,osteoarthritis treatment,
17203,GRE3,
17204,Pichia stipitis,
17225,fermentable sugars,
17237,renewable_resource,
17238,gasoline_substitute,
17241,higher_alcohol,
17243,major_metabolite,
17247,organic_acid,
17271,xylose_fermentation,
17274,xylose_metabolism,
17306,VHG,
17310,bamboo,
17398,inhibitor-tolerance,
17417,fermentation feedstock,
17480,ultrasound-assisted extraction,
17491,sweet sorghum,
17531,Candida tenuis xylose reductase,
17580,polymer synthesis,
17617,contamination,
17652,low calorie,
17687,low-caloric sweetener,
17704,stress-tolerance,
17707,seagrass,
17722,redox homeostasis,
17724,cosmetic applications,
17837,flavor_compound,
17842,fermentation optimization,
17846,ultrasound-assisted,
17858,TCA cycle,
17859,glyoxylate cycle,
17918,acetyl-CoA-derived,
17929,nutrient_supplement,
17952,methylated alkaloid,
17954,protopine,
17957,benzophenanthridine,
17961,P450 intermediate,
17985,asthma drug,
17988,monomethylated,
17994,chocolate,
17997,derivative,
18002,biofuel_precursor,
18017,personal_care,
18027,heterologous pathway,
18030,biosynthetic_precursor,
18031,shunt_product,
18032,reduced_monoterpene,
18035,MIA,
18046,biosynthetic_intermediate,
18047,lathyrane,
18048,drug_precursor,
18049,oxidized_diterpenoid,
18050,oxidized_casbene,
18057,jolkinol_precursor,
18058,food_dye,
18059,natural_pigment,
18073,fluorescent_probe,
18077,novel_compound,
18109,mitochondrial_engineering,
18112,P450_engineering,
18115,de_novo_production,
18117,energetic plasticizer precursor,
18118,pharmaceutical building block,
18119,lignocellulosic biomass conversion,
18140,peroxisome_compartmentalization,
18142,tryptamine,
18158,degradation,
18166,pharmaceutical_intermediate,
18168,monolignol,
18173,enzymatic_synthesis,
18179,antiproliferative,
18191,C5-alcohol,
18195,yeast-production,
18202,chiral_intermediate,
18204,cardiovascular_protection,
18207,microcirculation_regulation,
18210,bioactive_compound,
18214,chassis_compound,
18218,wastewater-treatment,
18219,dye-removal,
18249,fermentation residue,
18268,recombinant_yeast,
18269,xylose_reductase,
18273,osmotolerant,
18288,resveratrol derivative,
18302,promoter_engineering,
18309,health_supplement,
18321,glycosylated natural product,
18344,cannabinoid_precursor,
18375,plant-derived aromatic compound,
18382,dietary_supplement,
18383,therapeutic_agent,
18406,biosynthetic,
18407,flavonoid_mixture,
18408,nutraceutical_blend,
18421,yeast_metabolic_engineering,
18429,dairy_derived,
18473,unsaturated,
18494,hepatitis_treatment,
18499,methylated,
18501,clinical_stage,
18504,PLK1_inhibitor,
18507,lifespan_extension,
18510,yeast_fermentation,
18521,reporter_protein,
18522,biomarker,
18530,dynamic regulation,
18540,flavor_fragrance,
18543,pharmaceutical_precursor,
18545,alkaloid_precursor,
18546,plant_metabolite,
18550,hydroxylated_monoterpene,
18552,diverted_flux,
18575,rubber-precursor,
18576,fuel-additive,
18577,pesticide-intermediate,
18584,violacein precursor,
18585,heterologous,
18588,oleaginous,
18602,diterpenoid acid,
18616,orthogonal pathway,
18627,dioic acid,
18653,overflow_metabolism,
18654,microbial_biomass,
18655,single_cell_protein,
18656,recombinant_protein,
18657,therapeutic_protein,
18665,modular engineering,
18673,malolactic fermentation,
18700,GRAS yeast,
18701,chemical induction,
18706,dough rheology,
18715,nutritional_supplement,
18716,selenium_fortification,
18717,continuous_fermentation,
18739,endoperoxide,
18741,C4-alcohol,
18747,C2-alcohol,
18762,berberine-pathway,
18768,morphinan,
18771,natural opiate,
18815,isoprene,
18818,acetyl-CoA utilization,
18822,Platform Chemicals,
18844,acetylcholinesterase-inhibitor,
18847,novel-compound,
18864,insecticide,
18899,yeast biosynthesis,
18900,non-canonical alkaloid,
18913,tocotrienols,
18916,lipid derivative,
18923,NADPH engineering,
18941,Anticancer precursor,
18943,Yeast metabolic engineering,
18946,rhamnoside,
18972,glycerol conversion,
18980,Kraft pulp residues,
18982,ginsenoside-derivative,
18983,microbial-production,
18991,hydroxylation,
19006,ethylene,
19009,flux balance analysis,
19022,AFEX pretreatment,
19026,cellulosic biomass,
19039,combinatorial,
19051,yeast_engineering,
19076,enzyme_catalyzed,
19086,cellulosic feedstock,
19100,methylation,
19105,cosmetic pigment,
19121,Stress Protection,
19127,shikonin intermediate,
19132,food-safety,
19133,lactic_acid,
19143,gallic acid,
19166,Glycan precursor,
19171,research reagent,
19209,pentose phosphate pathway,
19219,fungal fermentation,
19223,stress-tolerant strain,
19230,methyl_donor,
19252,off-flavor,
19263,biopreservative,
19332,gTME,
19336,L-arabinose fermentation,
19339,perfume-ingredient,
19343,amino acid-based,
19345,Recombinant Production,
19362,precursor for nylon,
19363,precursor for PET,
19365,cellulosic_ethanol,
19375,acetate conversion,
19383,renewable feedstocks,
19392,lignocellulosic feedstocks,
19402,biomass-derivable,
19424,styrene,
19426,decarboxylation,
19427,Enantioselective synthesis,
19431,Enantioselective reduction,
19433,Vicinal diols,
19437,Fusion protein,
19438,Biocatalytic reduction,
19440,ethanol reduction,
19441,non-Saccharomyces yeast,
19459,starch_conversion,
19484,bioengineering,
19487,novel production,
19497,beverage flavoring,
19531,naringenin,
19540,Glycolic acid,
19548,chaperone,
19549,yeast expression,
19561,chemical-intermediate,
19563,chemical-synthesis,
19580,renewable chemicals,
19589,engineered enzyme,
19591,enzyme cocktail,
19596,paper sludge conversion,
19636,SSF process,
19637,high solids loading,
19641,Cyanobacteria,
19651,engineered_yeast,
19675,dynamic control,
19683,yeast_platform,
19687,fatty_alcohol,
19693,de novo synthesis,
19695,biodegradable_polymers,
19696,acrylic_acid,
19697,malonyl-CoA_pathway,
19698,aromatics,
19701,Lycopene,
19733,promoter strategy,
19738,therapeutic precursor,
19753,health product,
19754,flavone C-glycoside,
19759,indirect pathway,
19762,direct glycosylation,
19768,P450,
19769,industrial_intermediate,
19772,synthase_engineering,
19780,precursors,
19794,Mevalonate pathway,
19795,Mitochondrial Repression,
19796,Pyruvate-Derived,
19805,Valencene,
19869,genetically engineered yeast,
19874,acetyl-CoA optimization,
19875,NADH balance,
19880,biochemicals,
19907,platform_chemical,
19946,renewable_energy,
19970,byproduct valorization,
20003,recycling,
20005,carotenoid-derivative,
20028,nutraceuticals,
20030,bioplastics,
20035,therapeutics,
20037,sustainability,
